Key,Value
Density,0.882399
Density_unit,g/cm^3
Estimated_saturation_loading,13.6296072
Estimated_saturation_loading_unit,mol/kg
Input_block,"[1.525, 100]"
Input_ha,DEF
Input_structure_filename,file.txt.cif
Input_volpo,"[1.525, 1.525, 10000]"
Number_of_blocking_spheres,0
POAV_A^3,3224.29
POAV_A^3_unit,A^3
POAV_Volume_fraction,0.5673
POAV_Volume_fraction_unit,
POAV_cm^3/g,0.642906
POAV_cm^3/g_unit,cm^3/g
PONAV_A^3,0.0
PONAV_A^3_unit,A^3
PONAV_Volume_fraction,0.0
PONAV_Volume_fraction_unit,
PONAV_cm^3/g,0.0
PONAV_cm^3/g_unit,cm^3/g
Unitcell_volume,5683.56
Unitcell_volume_unit,A^3
adsorption_energy_widom_average,-19.8979691885
adsorption_energy_widom_dev,0.0361789751
adsorption_energy_widom_unit,kJ/mol
conversion_factor_molec_uc_to_cm3stp_cm3,6.5485801117
conversion_factor_molec_uc_to_mg_g,14.5682062393
conversion_factor_molec_uc_to_mol_kg,0.3311046265
henry_coefficient_average,4.09053e-05
henry_coefficient_dev,2.24578e-07
henry_coefficient_unit,mol/kg/Pa
is_kh_enough,True
is_porous,True
isotherm,"{'pressure': [0.2, 0.57439953605154, 1.0323805294795, 1.6040428603482, 2.2040428603482, 2.8040428603482, 3.4040428603482, 4.0040428603482, 4.6040428603482, 5.2040428603482, 5.8040428603482, 6.4040428603482, 7.0040428603482, 7.6040428603482, 8.2040428603482, 8.8040428603482, 9.4040428603482, 10.004042860348, 10.2], 'pressure_unit': 'bar', 'loading_absolute_dev': [0.027153845985024, 0.095922346138666, 0.097076592130568, 0.054414789152129, 0.070206601314081, 0.091647542909522, 0.079540888421681, 0.086117331093279, 0.077481982012687, 0.046272750636158, 0.11248199181677, 0.082654036265811, 0.19109396564592, 0.085321721110681, 0.15459759609394, 0.099878843226431, 0.11210899123057, 0.098575815337501, 0.089459742038675], 'loading_absolute_unit': 'mol/kg', 'loading_absolute_average': [0.8339201123029, 2.4218482353029, 4.0958552835773, 5.518140039555, 6.4887070312145, 7.1563464000891, 7.73666520134, 8.0724384030736, 8.580294956815, 8.8931143303165, 9.2135739430745, 9.5486187146299, 9.8792266841901, 10.043769128329, 10.304563687392, 10.644119759483, 10.785998091939, 11.014708612694, 11.050633464669], 'enthalpy_of_adsorption_dev': [0.43673586756795, 0.37708396730771, 1.409127551487, 0.56171716844179, 0.9115253132457, 0.84398349588021, 0.68543188413027, 2.1201298795241, 1.3713437263559, 1.4469266252609, 0.74025393895554, 2.021493277793, 0.93193437429847, 2.0358493261164, 1.0254211502166, 0.91477388108719, 0.88361355416428, 0.84003516998828, 1.839931281335], 'enthalpy_of_adsorption_unit': 'kJ/mol', 'enthalpy_of_adsorption_average': [-23.011662717318, -23.961082204651, -25.485327047633, -25.362631679596, -25.056277551903, -24.149798624795, -23.738337864691, -23.348297539764, -22.666035352905, -22.877514321585, -22.05039360455, -22.813519410009, -22.831363315125, -22.642677325751, -22.376109101793, -22.633274716686, -23.647453376901, -22.941501999618, -23.285512874876]}"
temperature,298
temperature_unit,K
